<?xml version="1.0"?>
<rss version="2.0" xmlns:atom="http://www.w3.org/2005/Atom">
  <channel>
    <title>Brume</title>
    <link></link>
    <atom:link href="/feed.xml" rel="self" type="application/rss+xml" />
    <description>It's simple. It's easy to use. It's a Jekyll theme.</description>
    <language>en-us</language>
    <pubDate>Sun, 13 Jul 2014 22:44:41 +0200</pubDate>
    <lastBuildDate>Sun, 13 Jul 2014 22:44:41 +0200</lastBuildDate>

    
      <item>
        <title>Demo post</title>
        <link>/demo-post</link>
        <pubDate>Fri, 07 Mar 2014 00:00:00 +0100</pubDate>
        <author>Aigars Dzerviniks</author>
        <description>&lt;p&gt;Praesent tincidunt vestibulum sem nec eleifend. Pellentesque adipiscing mollis adipiscing. Sed ipsum sem, eleifend eget dapibus in, tincidunt ut dolor. Curabitur gravida urna leo, eget auctor turpis feugiat non. Vivamus pharetra, lorem id ullamcorper rutrum, eros erat condimentum erat, ac dignissim lorem nisi nec nunc. Praesent tellus mi, volutpat quis nisl et, consectetur blandit nibh.&lt;/p&gt;

&lt;p&gt;Nulla sit amet nulla non odio sodales mollis elementum sed sem. Aenean et laoreet enim. Curabitur vulputate, mi rutrum commodo condimentum, enim nunc feugiat magna, vel rutrum sapien ante nec ante. Donec nec nibh placerat, molestie felis ac, vulputate arcu. Donec condimentum pellentesque nibh vel tincidunt. Fusce sem ipsum, varius at laoreet vitae, accumsan sed nisl. Nunc eget viverra diam. Aliquam pulvinar, enim id commodo tincidunt, risus lectus pharetra lacus, et semper enim ligula ut mauris. Sed vitae sollicitudin ante. In sollicitudin placerat dui et sagittis.&lt;/p&gt;

&lt;blockquote&gt;
&lt;p&gt;Lorem ipsum dolor sit amet, consectetur adipiscing elit. Maecenas egestas leo id tortor feugiat, sit amet cursus diam mollis. Nunc sit amet tellus est. Nunc lacus nisl, gravida ut aliquam vel, molestie eget odio. Nulla facilisi. Ut sed libero pharetra nunc volutpat hendrerit. Mauris eget mi adipiscing, congue tellus ut, scelerisque eros. Phasellus ullamcorper dictum tellus nec pretium.&lt;/p&gt;
&lt;/blockquote&gt;

&lt;p&gt;Integer molestie orci ante, nec dictum metus aliquam ut. Donec id tristique enim. Quisque tellus est, dignissim ut justo ac, volutpat fringilla mi. Duis ultricies nec sapien vitae blandit. &lt;strong&gt;Suspendisse sed est mi&lt;/strong&gt;. Mauris varius sapien vel nulla accumsan, id tincidunt ipsum ultrices. Sed eget magna mauris. Etiam porttitor lacus ullamcorper lacus tincidunt aliquam. Sed feugiat congue fringilla. Nunc velit diam, vulputate sed metus vitae, iaculis tempor arcu. Proin consectetur a erat in dignissim.&lt;/p&gt;

&lt;table&gt;&lt;thead&gt;
&lt;tr&gt;
&lt;th&gt;Tables&lt;/th&gt;
&lt;th style=&quot;text-align: center&quot;&gt;Are&lt;/th&gt;
&lt;th style=&quot;text-align: right&quot;&gt;Cool&lt;/th&gt;
&lt;/tr&gt;
&lt;/thead&gt;&lt;tbody&gt;
&lt;tr&gt;
&lt;td&gt;col 3 is&lt;/td&gt;
&lt;td style=&quot;text-align: center&quot;&gt;right-aligned&lt;/td&gt;
&lt;td style=&quot;text-align: right&quot;&gt;$1600&lt;/td&gt;
&lt;/tr&gt;
&lt;tr&gt;
&lt;td&gt;col 2 is&lt;/td&gt;
&lt;td style=&quot;text-align: center&quot;&gt;centered&lt;/td&gt;
&lt;td style=&quot;text-align: right&quot;&gt;$12&lt;/td&gt;
&lt;/tr&gt;
&lt;tr&gt;
&lt;td&gt;zebra stripes&lt;/td&gt;
&lt;td style=&quot;text-align: center&quot;&gt;are neat&lt;/td&gt;
&lt;td style=&quot;text-align: right&quot;&gt;$1&lt;/td&gt;
&lt;/tr&gt;
&lt;/tbody&gt;&lt;/table&gt;

&lt;p&gt;Pellentesque adipiscing mollis adipiscing.&lt;/p&gt;

&lt;ul&gt;
&lt;li&gt;Nulla sit amet nulla non odio sodales mollis elementum sed sem.&lt;/li&gt;
&lt;li&gt;Donec id tristique enim. Quisque tellus est, dignissim ut justo ac, volutpat fringilla mi.&lt;/li&gt;
&lt;li&gt;Nam luctus erat dolor, non viverra nulla varius at.&lt;/li&gt;
&lt;/ul&gt;

&lt;p&gt;Curabitur nec ullamcorper dui, blandit aliquet ipsum. Integer suscipit odio quis eros fermentum auctor. Sed tincidunt quam eleifend, egestas erat vulputate, tincidunt metus. Maecenas gravida sodales mi nec posuere. Cras vel nisi condimentum, hendrerit lacus sed, scelerisque ipsum. Cum sociis natoque penatibus et magnis dis parturient montes, nascetur ridiculus mus. Nunc convallis vestibulum erat, quis porta tellus. &lt;em&gt;In lorem erat, sollicitudin varius posuere id, molestie ac eros&lt;/em&gt;. Fusce luctus tellus vitae vulputate venenatis. Sed scelerisque bibendum interdum. Sed pretium commodo ultrices. Fusce luctus quam id porttitor vulputate. Integer ornare consectetur diam eget rutrum. Etiam eget sapien metus.&lt;/p&gt;

&lt;dl&gt;
  &lt;dt&gt;Ornare&lt;/dt&gt;
  &lt;dd&gt;Cras vel nisi condimentum, hendrerit lacus sed, scelerisque ipsum.&lt;/dd&gt;
  &lt;dt&gt;Convallis&lt;/dt&gt;
  &lt;dd&gt;In lorem erat, sollicitudin varius posuere id, molestie ac eros&lt;/dd&gt;
&lt;/dl&gt;

&lt;p&gt;Proin at libero id lorem fermentum elementum quis eget est.&lt;/p&gt;

&lt;ol&gt;
&lt;li&gt;Nam bibendum turpis massa, at accumsan justo fermentum ac.&lt;/li&gt;
&lt;li&gt;Nulla non nulla ut ante condimentum mattis vel at lectus.&lt;/li&gt;
&lt;li&gt;Etiam eget tortor tincidunt, iaculis ligula a, tristique massa. Fusce sed congue lorem, interdum sodales nisl.&lt;/li&gt;
&lt;/ol&gt;

&lt;p&gt;Etiam consequat euismod ornare. Pellentesque habitant morbi tristique senectus et netus et malesuada fames ac turpis egestas. Nulla pellentesque ipsum vulputate, pellentesque nisl vitae, lacinia sem. Praesent auctor felis et odio ultrices, nec tempor elit lobortis. Etiam ornare massa non risus luctus, id iaculis lacus egestas. Pellentesque massa dolor, mattis id lobortis eget, tristique vitae est.&lt;/p&gt;

&lt;hr&gt;

&lt;p&gt;Nam vulputate leo vitae libero vehicula, id tincidunt velit malesuada. In vel ornare nisi, id semper turpis. Vivamus erat elit, venenatis quis dui at, convallis suscipit sapien. Nunc in nisi scelerisque, aliquam mauris porttitor, facilisis ligula. Vestibulum cursus erat ac turpis bibendum, id pulvinar dolor dapibus. Proin vitae justo et velit imperdiet ultrices id id odio. Cras adipiscing ante vel mauris lobortis rutrum. Aenean eu felis est. In lacinia porttitor risus non sagittis.&lt;/p&gt;

&lt;div class=&quot;highlight&quot;&gt;&lt;pre&gt;&lt;span class=&quot;k&quot;&gt;class&lt;/span&gt; &lt;span class=&quot;nc&quot;&gt;Greeter&lt;/span&gt;
  &lt;span class=&quot;k&quot;&gt;def&lt;/span&gt; &lt;span class=&quot;nf&quot;&gt;initialize&lt;/span&gt;&lt;span class=&quot;p&quot;&gt;(&lt;/span&gt;&lt;span class=&quot;n&quot;&gt;message&lt;/span&gt;&lt;span class=&quot;p&quot;&gt;)&lt;/span&gt;
    &lt;span class=&quot;vi&quot;&gt;@message&lt;/span&gt; &lt;span class=&quot;o&quot;&gt;=&lt;/span&gt; &lt;span class=&quot;n&quot;&gt;message&lt;/span&gt;
  &lt;span class=&quot;k&quot;&gt;end&lt;/span&gt;

  &lt;span class=&quot;k&quot;&gt;def&lt;/span&gt; &lt;span class=&quot;nf&quot;&gt;greet&lt;/span&gt;
    &lt;span class=&quot;nb&quot;&gt;puts&lt;/span&gt; &lt;span class=&quot;n&quot;&gt;message&lt;/span&gt;
  &lt;span class=&quot;k&quot;&gt;end&lt;/span&gt;
&lt;span class=&quot;k&quot;&gt;end&lt;/span&gt;

&lt;span class=&quot;n&quot;&gt;john&lt;/span&gt; &lt;span class=&quot;o&quot;&gt;=&lt;/span&gt; &lt;span class=&quot;no&quot;&gt;Greeter&lt;/span&gt;&lt;span class=&quot;o&quot;&gt;.&lt;/span&gt;&lt;span class=&quot;n&quot;&gt;new&lt;/span&gt; &lt;span class=&quot;s1&quot;&gt;&amp;#39;Hello, World&amp;#39;&lt;/span&gt;

&lt;span class=&quot;n&quot;&gt;john&lt;/span&gt;&lt;span class=&quot;o&quot;&gt;.&lt;/span&gt;&lt;span class=&quot;n&quot;&gt;greet&lt;/span&gt;
&lt;/pre&gt;&lt;/div&gt;

&lt;p&gt;Sed imperdiet interdum ultrices. Phasellus iaculis porttitor lorem nec scelerisque. Suspendisse eros urna, adipiscing vel luctus at, feugiat sit amet arcu. Aliquam porttitor ut urna pellentesque sagittis. Donec pellentesque venenatis diam sit amet cursus. Etiam luctus, metus quis gravida fermentum, tortor arcu consequat metus, eget viverra augue risus ac dui. Fusce faucibus scelerisque quam eu sagittis. Sed sit amet sapien non augue lobortis adipiscing. Sed sagittis at lectus eu tempus. Nulla non nulla ut ante condimentum mattis vel at lectus. Nulla ultricies dui et urna semper ultrices. Sed neque ante, dictum in dignissim luctus, facilisis ornare odio. Aenean tempor ultrices magna non pharetra. Curabitur vulputate nec est aliquet suscipit. Etiam ipsum sapien, dictum quis tristique vel, pretium at elit.&lt;/p&gt;
</description>
      </item>
    

  </channel>
</rss>
