<?xml version="1.0" encoding="UTF-8"?>
<rss version="2.0" xmlns:atom="http://www.w3.org/2005/Atom">
  <channel>
    <title>Security Rebooted</title>
    <description>Random ruminations on all things information security.</description>
    <link>http://oddbjorn.steffensen.net/</link>
    <atom:link href="http://oddbjorn.steffensen.net/feed.xml" rel="self" type="application/rss+xml" />
    
      <item>
        <title>#02: Security - A Wicked Problem?</title>
        <description>&lt;p&gt;Information security is too often treated as a binary problem; we’re either &lt;em&gt;secure&lt;/em&gt; or &lt;em&gt;insecure&lt;/em&gt;. This approach fails to appreciate the complexity of the issue at hand, and tend to lead us into treating the symptoms rather than the root causes. A better approach may be to view information security as a &lt;em&gt;wicked problem&lt;/em&gt;.&lt;/p&gt;

&lt;p&gt;The term was first used by Horst Rittel and Melvin Webber of University of California at Berkeley in 
&lt;a href=&quot;http://www.uctc.net/mwebber/Rittel+Webber+Dilemmas+General_Theory_of_Planning.pdf&quot;&gt;Dilemmas in a General Theory of Planning&lt;/a&gt; (1973). Their context was the challenges of social policies in the late 1960s and early 1970s, and they concluded with the following:&lt;/p&gt;

&lt;blockquote&gt;
  &lt;p&gt;The search for scientific bases for confronting problems of social policy is bound to fail, because of the nature of these problems. They are “wicked” problems, whereas science has developed to deal with ‘tame’ problems. Policy problems cannot be definitively described.&lt;/p&gt;
&lt;/blockquote&gt;

&lt;blockquote&gt;
  &lt;p&gt;Moreover, in a pluralistic society there is nothing like the undisputable public good; there is no objective definition of equity; policies that respond to social problems cannot be meaningfully correct or false; and it makes no sense to talk about ‘optimal solutions’ to social problems unless severe qualifications are imposed first. Even worse, there are no “solutions” in the sense of definitive and objective answers.&lt;/p&gt;
&lt;/blockquote&gt;

&lt;p&gt;They defined the following characteristics of a “wicked problem”, and I’ve tried to map each of them against the field of information security below:&lt;/p&gt;

&lt;table&gt;
	&lt;tr&gt;
		&lt;td&gt;#&lt;/td&gt;
		&lt;th&gt;Characteristics of wicked problems&lt;/th&gt;
		&lt;th&gt;&amp;#8230; as applied to the domain of information security&lt;/th&gt;
	&lt;/tr&gt;
	&lt;tr&gt;
		&lt;td&gt;1&lt;/td&gt;
		&lt;td&gt;There is no definitive formulation of a wicked problem&lt;/td&gt;
		&lt;td&gt;The number of potential attacks or mishaps are near infinite, so our best hope is to use our current knowledge, experience, categorization and judgment to focus on what we deem the most important subset of them.&lt;/td&gt;
	&lt;/tr&gt;
	&lt;tr&gt;
		&lt;td&gt;2&lt;/td&gt;
		&lt;td&gt;Wicked problems have no stopping rule&lt;/td&gt;
		&lt;td&gt;When do we stop securing our systems? When is the final security patch applied?&lt;/td&gt;
	&lt;/tr&gt;
	&lt;tr&gt;
		&lt;td&gt;3&lt;/td&gt;
		&lt;td&gt;Solutions to Whenicked problems are not true-or-false, but good-or-bad&lt;/td&gt;
		&lt;td&gt;A given environment shouldn&amp;#8217;t be defined as &amp;lsquo;secure&amp;rsquo; or &amp;lsquo;not secure&amp;rsquo;, but we can state that it is (most likely) more or less secure, given our actions or inactions.&lt;/td&gt;
	&lt;/tr&gt;
	&lt;tr&gt;
		&lt;td&gt;4&lt;/td&gt;
		&lt;td&gt;There is no immediate and no ultimate test of a solution to a wicked problem&lt;/td&gt;
		&lt;td&gt;We cannot state that a given security control will work ultimatender all circumstances, and even not the most thorough penetration test will be able to identify all possible avenues of attack or mishap.&lt;/td&gt;
	&lt;/tr&gt;
	&lt;tr&gt;
		&lt;td&gt;5&lt;/td&gt;
		&lt;td&gt;Every solution to a wickeded problem is a &amp;ldquo;one-shot operation&amp;rdquo; because there is no opportunity to learn by trial-and-error, every attempt counts significantly&lt;/td&gt;
		&lt;td&gt;It may be possible to learn by trial-and-error when it comes to information security, but the error may prove to be very costly with regard to lost business cleanup resources needed, compliance and last, but certainly not least reputation.&lt;/td&gt;
	&lt;/tr&gt;
	&lt;tr&gt;
		&lt;td&gt;6&lt;/td&gt;
		&lt;td&gt;Wicked problems do not have an enumerable (or an exhaustively describable) set of potential solutions, nor is there a well-described set of permissible operations that may be incorporated into the plan&lt;/td&gt;
		&lt;td&gt;While a number of [MITRE][mitre] initiatives
(e.g. &amp;lt;a href=http://cwe.mitre.org/&amp;gt;&lt;span class=&quot;caps&quot;&gt;CWE&lt;/span&gt;, &amp;lt;a href=http://maec.mitre.org/&amp;gt;&lt;span class=&quot;caps&quot;&gt;MAEC&lt;/span&gt; and &amp;lt;a href=http://capec.mitre.org/&amp;gt;&lt;span class=&quot;caps&quot;&gt;CAPEC&lt;/span&gt;)  are a valiant effort to create useful taxonomies within their respective areas, they primarily focus on enumerating the offensive aspects, not the defensive measures design to avert them. Promising frameworks like &amp;lt;a href=http://bsimm.com/&amp;gt;&lt;span class=&quot;caps&quot;&gt;BSIMM&lt;/span&gt; and &amp;lt;a href=http://www.opensamm.org/&amp;gt;&lt;span class=&quot;caps&quot;&gt;SAMM&lt;/span&gt; along with security frameworks frameworks like &amp;lt;a href=http://en.wikipedia.org/wiki/ISO/IEC_27000-series&amp;gt;&lt;span class=&quot;caps&quot;&gt;ISO&lt;/span&gt;/&lt;span class=&quot;caps&quot;&gt;IEC&lt;/span&gt; 27000-family, &amp;lt;a href=https://www.pcisecuritystandards.org/security_standards/&amp;gt;&lt;span class=&quot;caps&quot;&gt;PCI&lt;/span&gt; &lt;span class=&quot;caps&quot;&gt;DSS&lt;/span&gt; and the &amp;lt;a href=https://www.securityforum.org/resources/downloads/latestreports/&amp;gt;&lt;span class=&quot;caps&quot;&gt;ISF&lt;/span&gt; SoGP have come a long way in the past few years, but nowhere close to a full treatise of the domain.&lt;/td&gt;
	&lt;/tr&gt;
	&lt;tr&gt;
		&lt;td&gt;7&lt;/td&gt;
		&lt;td&gt;Every wicked problem is essentially unique&lt;/td&gt;
		&lt;td&gt;While most environments build upon many of the same components and processes, the way we integrate, adapt and utilize them make the challenges of securing them differ between environments. In addition, the fickle balance between cost, time and quality will differ, both between organizations and over time.&lt;/td&gt;
	&lt;/tr&gt;
	&lt;tr&gt;
		&lt;td&gt;8&lt;/td&gt;
		&lt;td&gt;Every wicked problem can be considered to be a symptom of another problem&lt;/td&gt;
		&lt;td&gt;One limited example is tdhat flaws introduced by the software development lifecycle must eventually be fixed later by the security patching process.&lt;/td&gt;
	&lt;/tr&gt;
	&lt;tr&gt;
		&lt;td&gt;9&lt;/td&gt;
		&lt;td&gt;The existence of a discrepancy representing a wicked problem can be explained in numerous ways. The choice of explanation determines the nature of the problem&amp;#8217;s resolution&lt;/td&gt;
		&lt;td&gt;One example of This is security vulnerabilities; they may be viewed as flaws of the software development process, chosen technology or simply a fact that must be dealt with by the security patching process.&lt;/td&gt;
	&lt;/tr&gt;
	&lt;tr&gt;
		&lt;td&gt;10&lt;/td&gt;
		&lt;td&gt;The planner has no right to be wrong&lt;/td&gt;
		&lt;td&gt;This is probably the characteristic most tied to the origin in social policies; Rittel and Webber state that 'the planner who works with open systems is caught up in the ambiguity of their causal webs'. In the same way, security is often at odds with other interests, most notably cost, time-to-market, resource priorization.&lt;/td&gt;
	&lt;/tr&gt;
&lt;/table&gt;

&lt;p&gt;It might seem a bit far fetched to look to a concept originating forty years ago in a wholly different area, but given the recent high-profile security incidents, perhaps it is overdue to look beyond the information security field for inspiration for alternative approaches?  Do you agree that information security may be viewed as a wicked problem, and if so – how should this influence how we try to secure our environments?&lt;/p&gt;

</description>
        <pubDate>Fri, 11 Jul 2014 00:00:00 +0200</pubDate>
        <link>http://oddbjorn.steffensen.net/security/2014/07/11/security-a-wicked-problem/</link>
        <guid isPermaLink="true">http://oddbjorn.steffensen.net/security/2014/07/11/security-a-wicked-problem/</guid>
      </item>
    
      <item>
        <title>#01: Crosspollinating Security</title>
        <description>&lt;p&gt;Forty years ago, &lt;a href=&quot;http://en.wikipedia.org/wiki/Winston_W._Royce&quot;&gt;Winston W. Royce&lt;/a&gt; described what has later been named 
the &lt;a href=&quot;http://en.wikipedia.org/wiki/Waterfall_model&quot;&gt;waterfall model&lt;/a&gt;, pictured to the right. He states the he believed in the concept, but: 
‘the implementation described [..] is risky and invites failure’; due to the testing occurring very late in the lifecycle, and the long way from initial requirements to operation.&lt;/p&gt;

&lt;div style=&quot;float:right;margin:0 10px 10px 0&quot;&gt;
  &lt;p&gt;&lt;img src=&quot;/images/waterfall.png&quot; alt=&quot;Waterfall&quot; title=&quot;The classic waterfall model from Managing the Development of Large Software Systems by Winston W. Royce (1970)&quot; /&gt;&lt;/p&gt;
&lt;/div&gt;

&lt;p&gt;Twenty years ago, when I was studying software engineering, the waterfall philosophy was still the foundation for how large-scale systems were developed. The results were predictable — a string of failures in development of large-scale software systems in the late eighties and throughout the nineties.&lt;/p&gt;

&lt;p&gt;In the software development world, the backlash to the &lt;a href=&quot;http://en.wikipedia.org/wiki/Big_Design_Up_Front&quot;&gt;Big Design Up Front&lt;/a&gt; (BDUF) of the waterfall model was to do what Royce really proposed: iterative, incremental and evolutionary development. One of the best known models based on these principles is &lt;a href=&quot;http://sunset.usc.edu/Research_Group/barry.html&quot;&gt;Barry Boehm&lt;/a&gt;’s &lt;a href=&quot;http://portal.acm.org/citation.cfm?doid=12944.12948&quot; title=&quot;A spiral model of software development and enhancement&quot;&gt;spiral model&lt;/a&gt; in 1986.&lt;/p&gt;

&lt;p&gt;In the same year Hirotaka Takeuchi and Ikujiro Nonaka published the &lt;a href=&quot;http://apln-richmond.pbwiki.com/f/New%20New%20Prod%20Devel%20Game.pdf&quot;&gt;The New New Product Development Game&lt;/a&gt; in &lt;a href=&quot;http://hbr.org/&quot;&gt;Harvard Business Review&lt;/a&gt;. Instead of rigid sequential development (the ‘relay race’ approach), they propose a (the ‘rugby’ approach) where development emerge from multidisciplinary teams working together from start to finish. A few years later, this philosophy was adapted to the software development world by &lt;a href=&quot;http://www.controlchaos.com/&quot;&gt;Ken Schwaber&lt;/a&gt; and &lt;a href=&quot;http://jeffsutherland.com/&quot;&gt;Jeff Sutherland&lt;/a&gt; in the &lt;a href=&quot;http://www.scrum.org/&quot;&gt;Scrum framework&lt;/a&gt;, officially presented at 
&lt;a href=&quot;http://www.oopsla.org/oopsla-history/&quot;&gt;OOPSLA&lt;/a&gt; in 1995. This again led to the &lt;a href=&quot;http://en.wikipedia.org/wiki/Agile_software_development&quot;&gt;agile software development&lt;/a&gt; movement, culminating with the publication of the &lt;a href=&quot;http://agilemanifesto.org/&quot;&gt;Agile Manifesto&lt;/a&gt; in 2001.&lt;/p&gt;

&lt;p&gt;While the software development world has clearly progressed beyond the top-down approach of years past, enterprise security still seem to cling to this approach – based on perceived stakeholder interests, we create entire &lt;a href=&quot;http://en.wikipedia.org/wiki/Information_security_management_system&quot;&gt;information security management systems&lt;/a&gt; (ISMS) in the style of &lt;a href=&quot;http://www.iso.org/iso/catalogue_detail?csnumber=42103&quot;&gt;ISO/IEC 27001&lt;/a&gt; in order to solve the enterprise security conundrum.&lt;/p&gt;

&lt;p&gt;The problem is that entities like this are more or less designed to operate as a crudely bolted-on accessory to the enterprise instead of as a organically integrated part of the daily activities.  As a result, properly ensuring a reasonable level of security in a modern enterprise is a 
&lt;a href=&quot;http://en.wikipedia.org/wiki/Sisyphus&quot;&gt;sisyphusian task&lt;/a&gt;, where ‘security’ are running behind in an effort to catch up with the dynamic complexity of a modern enterprise.&lt;/p&gt;

&lt;p&gt;&lt;strong&gt;In short – we need to learn from developments in other disciplines in order to achieve our goal of both effective and efficient security.&lt;/strong&gt;&lt;/p&gt;

&lt;p&gt;The next posts on this blog will attempt to explore the implicit and explicit connections between security and related disciplines.&lt;/p&gt;

</description>
        <pubDate>Thu, 10 Jul 2014 00:00:00 +0200</pubDate>
        <link>http://oddbjorn.steffensen.net/security/2014/07/10/crosspollinating-security/</link>
        <guid isPermaLink="true">http://oddbjorn.steffensen.net/security/2014/07/10/crosspollinating-security/</guid>
      </item>
    
      <item>
        <title>#00: Writing to Learn</title>
        <description>&lt;p&gt;Around fifteen years ago, my primary attention shifted from Unix and system management to working exclusively within the field of information security. While it is hard to claim that the overall security standing haven’t improved in the past decade, it is fair to say that we still have a long way to go in this area.&lt;/p&gt;

&lt;p&gt;I believe that the field of security can benefit from looking at recent developments in surrounding areas, for example:&lt;/p&gt;

&lt;ul&gt;
  &lt;li&gt;software development has shifted from a traditional &lt;a href=&quot;http://en.wikipedia.org/wiki/Waterfall_model&quot;&gt;waterfall approach&lt;/a&gt; to more &lt;a href=&quot;http://agilemanifesto.org/&quot;&gt;agile ways&lt;/a&gt; in order to produce better quality while costs are under control.&lt;/li&gt;
  &lt;li&gt;&lt;a href=&quot;http://en.wikipedia.org/wiki/Systems_thinking&quot;&gt;systems thinking&lt;/a&gt; and &lt;a href=&quot;http://en.wikipedia.org/wiki/Complex_systems&quot;&gt;complexity theory&lt;/a&gt; to better understand the forces and counter-forces with regard to security&lt;/li&gt;
  &lt;li&gt;true &lt;a href=&quot;http://en.wikipedia.org/wiki/Requirements_analysis#Requirements_engineering&quot;&gt;requirements engineering&lt;/a&gt; instead of just picking security requirements out of the hat (or a plausible security standard)&lt;/li&gt;
&lt;/ul&gt;

&lt;div style=&quot;float:right;margin:0 10px 10px 0&quot;&gt;
  &lt;p&gt;&lt;img src=&quot;/images/writing_to_learn.jpg&quot; alt=&quot;Writing to Learn&quot; /&gt;&lt;/p&gt;
&lt;/div&gt;

&lt;p&gt;Many years ago, I read &lt;a href=&quot;http://www.williamzinsserwriter.com/&quot;&gt;William Zinnser&lt;/a&gt;’s inspiring &lt;a href=&quot;http://www.amazon.com/Writing-Learn-William-Zinsser/dp/0062720406&quot;&gt;Writing to Learn&lt;/a&gt;. In the book, Zinsser promotes the process of writing in order to better understand a topic by forcing oneself to deeper thinking. Expressed in a nutshell by Toby Fulwiler and Art Young:&lt;/p&gt;

&lt;blockquote&gt;
  &lt;p&gt;Writing to learn is different. We write to ourselves as well as talk with others to objectify our perceptions of reality; the primary function of this ‘expressive’ language is not to communicate, but to order and represent experience to our own understanding. In this sense language provides us with a unique way of knowing and becomes a tool for discovering, for shaping meaning, and for reaching understanding.&lt;/p&gt;
&lt;/blockquote&gt;

&lt;p&gt;This blog is my attempt to use this philosophy to ‘connect the dots’. I will try to keep the postings within the realm of information security in its widest sense, it may occasionally delve into wholly unrelated topics.&lt;/p&gt;

&lt;p&gt;Only time will tell if I also remember anything from one of Zinsser’s other books – &lt;a href=&quot;http://www.amazon.com/Writing-Well-25th-Anniversary-Nonfiction/dp/0060006641&quot;&gt;On Writing Well&lt;/a&gt;.. :-)&lt;/p&gt;

</description>
        <pubDate>Wed, 09 Jul 2014 00:00:00 +0200</pubDate>
        <link>http://oddbjorn.steffensen.net/meta/2014/07/09/writing-to-learn/</link>
        <guid isPermaLink="true">http://oddbjorn.steffensen.net/meta/2014/07/09/writing-to-learn/</guid>
      </item>
    
  </channel>
</rss>
